"","0 In Hand","1 In Hand","2 In Hand","3 In Hand","4 In Hand","5 In Hand","6 In Hand","7 In Hand"
"1 Copy(s) of Card Total",0.883333335620534,0.116666664379464,0,0,0,0,0,0
"2 Copy(s) of Card Total",0.778531075462166,0.209604520316737,0.0118644042210958,0,0,0,0,0
"3 Copy(s) of Card Total",0.684570428423629,0.281881941115612,0.0325248393594937,0.00102279110126456,0,0,0,0
"4 Copy(s) of Card Total",0.600500375810201,0.336280210453713,0.0593435665506552,0.00380407477888817,7.17724065425146e-05,0,0,0
"5 Copy(s) of Card Total",0.525437828833925,0.375312734881376,0.09007505637153,0.00883088787956181,0.000339649533829299,3.8424997766547e-06,0,0
"6 Copy(s) of Card Total",0.458563923345971,0.401243432927726,0.122829622324814,0.0163772829766419,0.000963369586861284,2.2231605850645e-05,1.37232134880525e-07,0
"7 Copy(s) of Card Total",0.399120451801122,0.416104300813938,0.156039112805226,0.0265372640825216,0.00212298112660172,7.49287456447666e-05,9.60624944163675e-07,0
