"","0 In Hand","1 In Hand","2 In Hand","3 In Hand","4 In Hand","5 In Hand","6 In Hand","7 In Hand"
"1 Copy(s) of Card Total",0.883333349041665,0.116666650958334,0,0,0,0,0,0
"2 Copy(s) of Card Total",0.778531089573042,0.209604518937248,0.01186439148971,0,0,0,0,0
"3 Copy(s) of Card Total",0.684570440831468,0.281881946224723,0.0325248321811495,0.0010227807626602,0,0,0,0
"4 Copy(s) of Card Total",0.60050038669427,0.336280216548791,0.0593435676262573,0.00380406449069456,7.17646399865571e-05,0,0,0
"5 Copy(s) of Card Total",0.525437838357487,0.375312741683919,0.0900750580041405,0.0088308880396216,0.000339636593557393,3.83732127507857e-06,0,0
"6 Copy(s) of Card Total",0.458563931657442,0.401243440200262,0.122829624551101,0.0163772832734801,0.000963369604322356,2.22160705399286e-05,1.34642851757143e-07,0
"7 Copy(s) of Card Total",0.399120459035182,0.416104308355827,0.156039115633436,0.0265372645635094,0.00212298116508075,7.492874700285e-05,9.424999623e-07,0
"8 Copy(s) of Card Total",0.346406436143743,0.421712183131512,0.188424592463016,0.0392551234297949,0.004005624839775,0.0001922699923092,3.7699998492e-06,0
