"","0 In Hand","1 In Hand","2 In Hand","3 In Hand","4 In Hand","5 In Hand","6 In Hand","7 In Hand"
"1 Copy(s) of Card Total",0.883333333333335,0.116666666666667,0,0,0,0,0,0
"2 Copy(s) of Card Total",0.778531073446329,0.209604519774011,0.011864406779661,0,0,0,0,0
"3 Copy(s) of Card Total",0.684570426651083,0.28188194038574,0.0325248392752777,0.00102279368790181,0,0,0,0
"4 Copy(s) of Card Total",0.600500374255335,0.336280209582988,0.0593435663969978,0.00380407476903832,7.17749956422324e-05,0,0,0
"5 Copy(s) of Card Total",0.525437827473418,0.375312733909584,0.0900750561383003,0.00883088785669609,0.000339649532949849,3.84508905226246e-06,0,0
"6 Copy(s) of Card Total",0.45856392215862,0.401243431888792,0.122829622006773,0.0163772829342364,0.000963369584366847,2.22316057930811e-05,1.39821420082271e-07,0
