"","0 In Hand","1 In Hand","2 In Hand","3 In Hand","4 In Hand","5 In Hand","6 In Hand","7 In Hand"
"1 Copy(s) of Card Total",0.883333333333332,0.116666666666666,0,0,0,0,0,0
"2 Copy(s) of Card Total",0.778531073446327,0.20960451977401,0.011864406779661,0,0,0,0,0
