"","0 In Hand","1 In Hand","2 In Hand","3 In Hand","4 In Hand","5 In Hand","6 In Hand","7 In Hand"
"1 Copy(s) of Card Total",0.883333333333333,0.116666666666667,0,0,0,0,0,0
"2 Copy(s) of Card Total",0.778531073446328,0.209604519774011,0.0118644067796611,0,0,0,0,0
"3 Copy(s) of Card Total",0.684570426651081,0.28188194038574,0.0325248392752778,0.00102279368790181,0,0,0,0
