"","0 In Hand","1 In Hand","2 In Hand","3 In Hand","4 In Hand","5 In Hand","6 In Hand","7 In Hand"
"1 Copy(s) of Card Total",0.883333394958335,0.116666605041665,0,0,0,0,0,0
"2 Copy(s) of Card Total",0.778531143427262,0.209604503062146,0.0118643535105915,0,0,0,0,0
"3 Copy(s) of Card Total",0.684570490462827,0.281881958893307,0.032524795699913,0.00102275494395382,0,0,0,0
"4 Copy(s) of Card Total",0.60050043023055,0.336280240929107,0.0593435563929513,0.00380402333791648,7.17491094747031e-05,0,0,0
"5 Copy(s) of Card Total",0.525437876451731,0.375312768894093,0.0900750645345826,0.00883086278700304,0.00033959777889407,3.82955369588906e-06,0,0
"6 Copy(s) of Card Total",0.458563964903329,0.401243469290412,0.122829633456249,0.0163772844608332,0.000963330834879678,2.21850007210125e-05,1.32053575720313e-07,0
"7 Copy(s) of Card Total",0.399120487971416,0.41610433852339,0.156039126946272,0.0265372664874612,0.00212298131899689,7.48743774334171e-05,9.24375030042186e-07,0
"8 Copy(s) of Card Total",0.34640646125821,0.421712213705646,0.188424606123799,0.0392551262757917,0.00400562513018281,0.000192270006248775,3.69750012016875e-06,0
"9 Copy(s) of Card Total",0.299774822242682,0.419684751139753,0.218965957116393,0.0543532517664808,0.00679415647081008,0.000415968763518984,1.10925003605063e-05,0
