"","0 Prized","1 Prized","2 Prized","3 Prized","4 Prized","5 Prized","6 Prized"
"1 Copy(s) of Card Total",0.899999993023584,0.100000006976415,0,0,0,0,0
"2 Copy(s) of Card Total",0.808474563080121,0.183050859886925,0.00847457703295278,0,0,0,0
"3 Copy(s) of Card Total",0.724839256579189,0.250905919502799,0.0236703703275884,0.000584453590423313,0,0,0
"4 Copy(s) of Card Total",0.648540380645648,0.305195503734166,0.0440185834043496,0.0022147715005515,3.07607152854375e-05,0,0
"5 Copy(s) of Card Total",0.579053904522671,0.347432380614884,0.0681239981056468,0.00524030756826918,0.000148310591554788,1.09859697447991e-06,0
"6 Copy(s) of Card Total",0.515884380949259,0.379017141440473,0.0947542882434703,0.0099089452199999,0.000428752437403843,6.47173490420895e-06,1.99744904450893e-08
"7 Copy(s) of Card Total",0.458563887512244,0.401243454059099,0.122829632864358,0.0163772844608332,0.000963369674166657,2.22316078653844e-05,1.39821433115626e-07
"8 Copy(s) of Card Total",0.406650987972792,0.41530319631562,0.151412629131723,0.0247204293748425,0.00185403220311319,5.81657161761e-05,5.59285732462502e-07
"9 Copy(s) of Card Total",0.359729713567382,0.42229146964869,0.179698504825532,0.0349413761355947,0.0032089018900036,0.000128356075600144,1.6778571973875e-06
