"","0 Prized","1 Prized","2 Prized","3 Prized","4 Prized","5 Prized","6 Prized"
"1 Copy(s) of Card Total",0.899999998221698,0.100000001778302,0,0,0,0,0
"2 Copy(s) of Card Total",0.808474572890127,0.183050850663141,0.00847457644673123,0,0,0,0
"3 Copy(s) of Card Total",0.724839270457238,0.25090590729867,0.0236703686960424,0.000584453548050429,0,0,0
"4 Copy(s) of Card Total",0.648540398088034,0.305195489476817,0.0440185803821139,0.00221477133998058,3.07607130552858e-05,0,0
"5 Copy(s) of Card Total",0.579053925063681,0.347432365121766,0.0681239934485097,0.00524030718834689,0.000148310580802271,1.09859689483164e-06,0
"6 Copy(s) of Card Total",0.515884404159098,0.379017125427494,0.0947542817965635,0.0099089445016014,0.000428752406319292,6.47173443500818e-06,1.99744889969388e-08
"7 Copy(s) of Card Total",0.458563912995045,0.401243438148376,0.122829624551101,0.0163772832734801,0.000963369604322358,2.22316062535929e-05,1.39821422978572e-07
"8 Copy(s) of Card Total",0.406651015364687,0.415303181042859,0.151412618943495,0.0247204275826115,0.00185403206869586,5.81657119590858e-05,5.59285691914287e-07
