"","0 Prized","1 Prized","2 Prized","3 Prized","4 Prized","5 Prized","6 Prized"
"1 Copy(s) of Card Total",0.899999999741071,0.100000000258928,0,0,0,0,0
"2 Copy(s) of Card Total",0.808474575775272,0.183050847931598,0.00847457629312953,0,0,0,0
"3 Copy(s) of Card Total",0.724839274565146,0.25090590363038,0.023670368267017,0.000584453537457208,0,0,0
"4 Copy(s) of Card Total",0.648540403285732,0.305195485117655,0.0440185795842772,0.00221477129983785,3.07607124977478e-05,0,0
"5 Copy(s) of Card Total",0.579053931227694,0.347432360290187,0.0681239922137623,0.00524030709336632,0.000148310578114141,1.09859687491956e-06,0
"6 Copy(s) of Card Total",0.515884411174933,0.379017120316568,0.0947542800791421,0.00990894432200178,0.000428752398548154,6.47173431770799e-06,1.99744886349012e-08
"7 Copy(s) of Card Total",0.458563920756686,0.401243432927725,0.122829622324814,0.0163772829766418,0.000963369586861284,2.2231605850645e-05,1.39821420444309e-07
