"","0 Prized","1 Prized","2 Prized","3 Prized","4 Prized","5 Prized","6 Prized"
"1 Copy(s) of Card Total",0.899999999999999,0.0999999999999999,0,0,0,0,0
"2 Copy(s) of Card Total",0.808474576271185,0.183050847457627,0.00847457627118643,0,0,0,0
