"","0 Prized","1 Prized","2 Prized","3 Prized","4 Prized","5 Prized","6 Prized"
"1 Copy(s) of Card Total",0.900000000000001,0.1,0,0,0,0,0
"2 Copy(s) of Card Total",0.808474576271188,0.183050847457627,0.00847457627118646,0,0,0,0
"3 Copy(s) of Card Total",0.724839275277617,0.250905902980714,0.0236703682057277,0.000584453535943893,0,0,0
"4 Copy(s) of Card Total",0.648540404195762,0.305195484327417,0.0440185794703006,0.00221477129410317,3.07607124180996e-05,0,0
"5 Copy(s) of Card Total",0.579053932317645,0.347432359390587,0.06812399203737,0.00524030707979769,0.000148310577730123,1.09859687207499e-06,0
"6 Copy(s) of Card Total",0.515884412428447,0.379017119335186,0.0947542798337965,0.00990894429634472,0.000428752397437993,6.47173430095085e-06,1.99744885831816e-08
