"","0 In Hand","1 In Hand","2 In Hand","3 In Hand","4 In Hand","5 In Hand","6 In Hand","7 In Hand"
"1 Copy(s) of Card Total",0.855851992429096,0.144148007570901,0,0,0,0,0,0
"2 Copy(s) of Card Total",0.735450812288968,0.250376909797939,0.0141722779130909,0,0,0,0,0
"3 Copy(s) of Card Total",0.633821498857289,0.327233446546471,0.0377577053707465,0.00118734922549517,0,0,0,0
"4 Copy(s) of Card Total",0.547308798326892,0.38105440497284,0.0672448949952071,0.00431057019200046,8.13315130566123e-05,0,0,0
