"","0 In Hand","1 In Hand","2 In Hand","3 In Hand","4 In Hand","5 In Hand","6 In Hand","7 In Hand"
"1 Copy(s) of Card Total",0.879392177660815,0.120607822339183,0,0,0,0,0,0
"2 Copy(s) of Card Total",0.772465477029047,0.215345173526079,0.0121893494448724,0,0,0,0,0
"3 Copy(s) of Card Total",0.677601945105272,0.288109286410463,0.0332433792012072,0.00104538928305683,0,0,0,0
"4 Copy(s) of Card Total",0.593421144169005,0.342239176309626,0.0603951487605221,0.00387148389490527,7.30468659416088e-05,0,0,0
