"","0 In Hand","1 In Hand","2 In Hand","3 In Hand","4 In Hand","5 In Hand","6 In Hand","7 In Hand"
"1 Copy(s) of Card Total",0.805840177427039,0.194159822572961,0,0,0,0,0,0
"2 Copy(s) of Card Total",0.661151920138929,0.320695504154227,0.0181525757068431,0,0,0,0,0
"3 Copy(s) of Card Total",0.549531249687998,0.402558974014227,0.0464491123862569,0.00146066391151751,0,0,0,0
"4 Copy(s) of Card Total",0.461133829081974,0.453592487241311,0.0800457330425843,0.005131136733499,9.68139006320563e-05,0,0,0
