"","0 In Hand","1 In Hand","2 In Hand","3 In Hand","4 In Hand","5 In Hand","6 In Hand","7 In Hand"
"1 Copy(s) of Card Total",0.70796802012217,0.292031979877829,0,0,0,0,0,0
"2 Copy(s) of Card Total",0.533319469239267,0.441679788041408,0.025000742719325,0,0,0,0,0
"3 Copy(s) of Card Total",0.417420474441811,0.520619057210887,0.0600714296781792,0.00188903866912513,0,0,0,0
"4 Copy(s) of Card Total",0.335141916121013,0.559646621377979,0.0987611684784669,0.00633084413323508,0.000119449889306322,0,0,0
