"","0 In Hand","1 In Hand","2 In Hand","3 In Hand","4 In Hand","5 In Hand","6 In Hand","7 In Hand"
"1 Copy(s) of Card Total",0.882533537010638,0.117466462989361,0,0,0,0,0,0
"2 Copy(s) of Card Total",0.777357465079622,0.210715256263927,0.0119272786564487,0,0,0,0,0
"3 Copy(s) of Card Total",0.683290506957901,0.283025733730228,0.0326568154304109,0.00102694388145946,0,0,0,0
"4 Copy(s) of Card Total",0.599271814703582,0.337314353889825,0.0595260624511456,0.0038157732340478,7.19957213971283e-05,0,0,0
