"","0 In Hand","1 In Hand","2 In Hand","3 In Hand","4 In Hand","5 In Hand","6 In Hand","7 In Hand"
"1 Copy(s) of Card Total",0.75415936325997,0.245840636740029,0,0,0,0,0,0
"2 Copy(s) of Card Total",0.590960160178773,0.387126991259376,0.0219128485618515,0,0,0,0,0
"3 Copy(s) of Card Total",0.475053571465507,0.469115550272718,0.0541287173391597,0.00170216092261509,0,0,0,0
"4 Copy(s) of Card Total",0.388764450185792,0.514509665467037,0.0907958233177125,0.00582024508446873,0.000109815944989976,0,0,0
