"","0 In Hand","1 In Hand","2 In Hand","3 In Hand","4 In Hand","5 In Hand","6 In Hand","7 In Hand"
"1 Copy(s) of Card Total",0.876122134916331,0.123877865083668,0,0,0,0,0,0
"2 Copy(s) of Card Total",0.767297719772721,0.220236086643673,0.0124661935836042,0,0,0,0,0
"3 Copy(s) of Card Total",0.671487194574496,0.293573700308913,0.0338738884971822,0.00106521661940825,0,0,0,0
"4 Copy(s) of Card Total",0.587004743831004,0.347640203773441,0.0613482712541366,0.00393258149064978,7.4199650766977e-05,0,0,0
