"","0 In Hand","1 In Hand","2 In Hand","3 In Hand","4 In Hand","5 In Hand","6 In Hand","7 In Hand"
"1 Copy(s) of Card Total",0.883332296574178,0.116667703425816,0,0,0,0,0,0
"2 Copy(s) of Card Total",0.778530089408114,0.209605451095889,0.0118644594959937,0,0,0,0,0
"3 Copy(s) of Card Total",0.684569779793859,0.281882518446211,0.0325249059745628,0.00102279578536361,0,0,0,0
"4 Copy(s) of Card Total",0.600500032896899,0.336280496922643,0.0593436171039959,0.00380407801948692,7.17750569714512e-05,0,0,0
