"","0 In Hand","1 In Hand","2 In Hand","3 In Hand","4 In Hand","5 In Hand","6 In Hand","7 In Hand"
"1 Copy(s) of Card Total",0.883259228453674,0.116740771546325,0,0,0,0,0,0
"2 Copy(s) of Card Total",0.778433232416418,0.209697119320174,0.0118696482634061,0,0,0,0,0
"3 Copy(s) of Card Total",0.684475427842539,0.28196683555965,0.0325346348722672,0.001023101725543,0,0,0,0
"4 Copy(s) of Card Total",0.600420170025903,0.336347721774099,0.0593554803130763,0.00380483848160746,7.17894053133483e-05,0,0,0
