"","0 In Hand","1 In Hand","2 In Hand","3 In Hand","4 In Hand","5 In Hand","6 In Hand","7 In Hand"
"1 Copy(s) of Card Total",0.88285993458819,0.117140065411809,0,0,0,0,0,0
"2 Copy(s) of Card Total",0.777850002057019,0.210249105196033,0.0119008927469453,0,0,0,0,0
"3 Copy(s) of Card Total",0.683843467938983,0.282531583125862,0.0325997980529841,0.00102515088216931,0,0,0,0
"4 Copy(s) of Card Total",0.599818772767526,0.336853950023281,0.0594448147099906,0.00381056504551222,7.18974536889099e-05,0,0,0
