"","0 In Hand","1 In Hand","2 In Hand","3 In Hand","4 In Hand","5 In Hand","6 In Hand","7 In Hand"
"1 Copy(s) of Card Total",0.883333233645751,0.116666766354245,0,0,0,0,0,0
"2 Copy(s) of Card Total",0.778531004632749,0.209604584901145,0.0118644104661026,0,0,0,0,0
"3 Copy(s) of Card Total",0.684570397248535,0.281881966661163,0.0325248423070573,0.0010227937832408,0,0,0,0
"4 Copy(s) of Card Total",0.600500365979983,0.33628021654879,0.0593435676262572,0.003804074847837,7.17749971289999e-05,0,0,0
