"","0 In Hand","1 In Hand","2 In Hand","3 In Hand","4 In Hand","5 In Hand","6 In Hand","7 In Hand"
"1 Copy(s) of Card Total",0.883333330916666,0.116666669083333,0,0,0,0,0,0
"2 Copy(s) of Card Total",0.778531072872881,0.209604520316737,0.0118644068103814,0,0,0,0,0
"3 Copy(s) of Card Total",0.684570426651081,0.281881940385739,0.0325248392752776,0.00102279368790181,0,0,0,0
"4 Copy(s) of Card Total",0.600500374255335,0.336280209582987,0.0593435663969977,0.00380407476903832,7.17749956422323e-05,0,0,0
