"","0 In Hand","1 In Hand","2 In Hand","3 In Hand","4 In Hand","5 In Hand","6 In Hand","7 In Hand"
"1 Copy(s) of Card Total",0.878494290946167,0.121505709053834,0,0,0,0,0,0
"2 Copy(s) of Card Total",0.771049557593415,0.216685240134803,0.0122652022717813,0,0,0,0,0
"3 Copy(s) of Card Total",0.675931433724253,0.289602129914383,0.0334156303747365,0.00105080598662693,0,0,0,0
"4 Copy(s) of Card Total",0.591674614070573,0.343709324138798,0.060654586612729,0.00388811452645699,7.33606514425847e-05,0,0,0
