"","0 In Hand","1 In Hand","2 In Hand","3 In Hand","4 In Hand","5 In Hand","6 In Hand","7 In Hand"
"1 Copy(s) of Card Total",0.867799692102124,0.13220030789787,0,0,0,0,0,0
"2 Copy(s) of Card Total",0.754135706939142,0.23269299164688,0.0131713014139744,0,0,0,0,0
"3 Copy(s) of Card Total",0.655855928776379,0.307542496852233,0.0354856727137191,0.00111590165766413,0,0,0,0
"4 Copy(s) of Card Total",0.57049766239097,0.361535097406722,0.0638003113070687,0.00408976354532492,7.71653499117909e-05,0,0,0
