"","0 In Hand","1 In Hand","2 In Hand","3 In Hand","4 In Hand","5 In Hand","6 In Hand","7 In Hand"
"1 Copy(s) of Card Total",0.883332814956061,0.116667185043938,0,0,0,0,0,0
"2 Copy(s) of Card Total",0.778530619275933,0.209604949613849,0.0118644311102179,0,0,0,0,0
"3 Copy(s) of Card Total",0.684570157127563,0.281882181243982,0.0325248670666132,0.00102279456184318,0,0,0,0
"4 Copy(s) of Card Total",0.600500250125063,0.336280314070078,0.0593435848358961,0.00380407595101898,7.17750179437544e-05,0,0,0
