"","0 In Hand","1 In Hand","2 In Hand","3 In Hand","4 In Hand","5 In Hand","6 In Hand","7 In Hand"
"1 Copy(s) of Card Total",0.882028384148173,0.117971615851825,0,0,0,0,0,0
"2 Copy(s) of Card Total",0.776583966447235,0.21144731746958,0.0119687160831838,0,0,0,0,0
"3 Copy(s) of Card Total",0.682408031683933,0.283814353008779,0.0327478099625513,0.00102980534473432,0,0,0,0
"4 Copy(s) of Card Total",0.598383345421696,0.338062226020529,0.0596580398859757,0.00382423332602408,7.21553457740393e-05,0,0,0
