"","0 In Hand","1 In Hand","2 In Hand","3 In Hand","4 In Hand","5 In Hand","6 In Hand","7 In Hand"
"1 Copy(s) of Card Total",0.883309911133419,0.116690088866582,0,0,0,0,0,0
"2 Copy(s) of Card Total",0.778502174864157,0.209631870217852,0.0118659549179917,0,0,0,0,0
"3 Copy(s) of Card Total",0.68454443266326,0.28190516977304,0.0325275195891969,0.00102287797450305,0,0,0,0
"4 Copy(s) of Card Total",0.600480255869097,0.336297144305085,0.059346554877368,0.00380426633829282,7.17786101564682e-05,0,0,0
