"","0 In Hand","1 In Hand","2 In Hand","3 In Hand","4 In Hand","5 In Hand","6 In Hand","7 In Hand"
"1 Copy(s) of Card Total",0.883333322458332,0.116666677541667,0,0,0,0,0,0
"2 Copy(s) of Card Total",0.778531068858757,0.209604524115819,0.0118644070254237,0,0,0,0,0
"3 Copy(s) of Card Total",0.684570425834343,0.281881941115612,0.0325248393594937,0.00102279369055012,0,0,0,0
"4 Copy(s) of Card Total",0.600500374255334,0.336280209582987,0.0593435663969978,0.00380407476903832,7.17749956422323e-05,0,0,0
