"","0 In Hand","1 In Hand","2 In Hand","3 In Hand","4 In Hand","5 In Hand","6 In Hand","7 In Hand"
"1 Copy(s) of Card Total",0.872712817582441,0.127287182417554,0,0,0,0,0,0
"2 Copy(s) of Card Total",0.761898596312176,0.225345971347402,0.012755432340419,0,0,0,0,0
"3 Copy(s) of Card Total",0.665073638879572,0.299305139833948,0.0345352084423786,0.00108601284409996,0,0,0,0
"4 Copy(s) of Card Total",0.580236942006405,0.353337024669705,0.0623535925887715,0.00399702516594689,7.54155691688093e-05,0,0,0
