"","0 In Hand","1 In Hand","2 In Hand","3 In Hand","4 In Hand","5 In Hand","6 In Hand","7 In Hand"
"1 Copy(s) of Card Total",0.882974554655037,0.117025445344962,0,0,0,0,0,0
"2 Copy(s) of Card Total",0.77802066231427,0.210087587452564,0.011891750233164,0,0,0,0,0
"3 Copy(s) of Card Total",0.684032260273345,0.282362869872456,0.0325803311391295,0.00102453871506697,0,0,0,0
"4 Copy(s) of Card Total",0.600002509551982,0.33669928894126,0.0594175215778693,0.00380881548576086,7.18644431275633e-05,0,0,0
