"","0 In Hand","1 In Hand","2 In Hand","3 In Hand","4 In Hand","5 In Hand","6 In Hand","7 In Hand"
"1 Copy(s) of Card Total",0.849961627183249,0.150038372816749,0,0,0,0,0,0
"2 Copy(s) of Card Total",0.726363104272186,0.258977776313822,0.0146591194139899,0,0,0,0,0
"3 Copy(s) of Card Total",0.623212887207132,0.336713775245505,0.0388515894514043,0.00122174809595611,0,0,0,0
"4 Copy(s) of Card Total",0.536225558659218,0.39038376079228,0.0688912519045199,0.00441610589131538,8.3322752666328e-05,0,0,0
