"","0 In Hand","1 In Hand","2 In Hand","3 In Hand","4 In Hand","5 In Hand","6 In Hand","7 In Hand"
"1 Copy(s) of Card Total",0.883281792076505,0.116718207923494,0,0,0,0,0,0
"2 Copy(s) of Card Total",0.778464373029089,0.209667646954611,0.0118679800162987,0,0,0,0,0
"3 Copy(s) of Card Total",0.684507100469428,0.281938531487113,0.0325313690177437,0.00102299902571521,0,0,0,0
"4 Copy(s) of Card Total",0.600448245169137,0.336324089423922,0.0593513098983393,0.00380457114732944,7.17843612703668e-05,0,0,0
