"","0 In Hand","1 In Hand","2 In Hand","3 In Hand","4 In Hand","5 In Hand","6 In Hand","7 In Hand"
"1 Copy(s) of Card Total",0.883064456040554,0.116935543959446,0,0,0,0,0,0
"2 Copy(s) of Card Total",0.778153216897498,0.209962134007723,0.0118846490947768,0,0,0,0,0
"3 Copy(s) of Card Total",0.684177331787298,0.28223322749488,0.0325653724032553,0.00102406831456778,0,0,0,0
"4 Copy(s) of Card Total",0.600142036707869,0.336581841468972,0.0593967955533479,0.00380748689444538,7.18393753668939e-05,0,0,0
