"","0 In Hand","1 In Hand","2 In Hand","3 In Hand","4 In Hand","5 In Hand","6 In Hand","7 In Hand"
"1 Copy(s) of Card Total",0.881685284834513,0.118314715165486,0,0,0,0,0,0
"2 Copy(s) of Card Total",0.776053881772806,0.211949004750736,0.0119971134764568,0,0,0,0,0
"3 Copy(s) of Card Total",0.68179723792639,0.28436018556254,0.0328107906418314,0.00103178586923998,0,0,0,0
"4 Copy(s) of Card Total",0.597761645698861,0.338585543940297,0.0597503901071112,0.00383015321199431,7.22670417357416e-05,0,0,0
