"","0 In Hand","1 In Hand","2 In Hand","3 In Hand","4 In Hand","5 In Hand","6 In Hand","7 In Hand"
"1 Copy(s) of Card Total",0.864563031678516,0.135436968321483,0,0,0,0,0,0
"2 Copy(s) of Card Total",0.749043483312514,0.237512417579225,0.013444099108258,0,0,0,0,0
"3 Copy(s) of Card Total",0.649825055511232,0.312931954283737,0.036107533186585,0.00113545701844607,0,0,0,0
"4 Copy(s) of Card Total",0.564132727960803,0.366892803262313,0.0647457888109964,0.00415037107762798,7.83088882571317e-05,0,0,0
