"","0 In Hand","1 In Hand","2 In Hand","3 In Hand","4 In Hand","5 In Hand","6 In Hand","7 In Hand"
"1 Copy(s) of Card Total",0.881265971755212,0.118734028244788,0,0,0,0,0,0
"2 Copy(s) of Card Total",0.77540257460111,0.212565420466805,0.0120320049320833,0,0,0,0,0
"3 Copy(s) of Card Total",0.68104225895351,0.285034868457887,0.0328886386682177,0.0010342339203842,0,0,0,0
"4 Copy(s) of Card Total",0.596988059776159,0.339236712600924,0.0598653022236925,0.00383751937331362,7.24060259115777e-05,0,0,0
