"","0 In Hand","1 In Hand","2 In Hand","3 In Hand","4 In Hand","5 In Hand","6 In Hand","7 In Hand"
"1 Copy(s) of Card Total",0.842633845217623,0.157366154782376,0,0,0,0,0,0
"2 Copy(s) of Card Total",0.715181393974982,0.269560466416532,0.015258139608483,0,0,0,0,0
"3 Copy(s) of Card Total",0.610269618338403,0.348280457801347,0.0401862066693861,0.0012637171908612,0,0,0,0
"4 Copy(s) of Card Total",0.522789480554964,0.401693626608672,0.070887110578001,0.00454404554987186,8.57367084881483e-05,0,0,0
