"","0 In Hand","1 In Hand","2 In Hand","3 In Hand","4 In Hand","5 In Hand","6 In Hand","7 In Hand"
"1 Copy(s) of Card Total",0.883333333333332,0.116666666666667,0,0,0,0,0,0
"2 Copy(s) of Card Total",0.778531073446326,0.209604519774011,0.011864406779661,0,0,0,0,0
"3 Copy(s) of Card Total",0.68457042665108,0.28188194038574,0.0325248392752776,0.00102279368790181,0,0,0,0
"4 Copy(s) of Card Total",0.600500374255334,0.336280209582987,0.0593435663969977,0.00380407476903833,7.17749956422324e-05,0,0,0
