"","0 In Hand","1 In Hand","2 In Hand","3 In Hand","4 In Hand","5 In Hand","6 In Hand","7 In Hand"
"1 Copy(s) of Card Total",0.882715093211587,0.117284906788412,0,0,0,0,0,0
"2 Copy(s) of Card Total",0.77763241820131,0.210455032773759,0.0119125490249298,0,0,0,0,0
"3 Copy(s) of Card Total",0.68360040317604,0.282748796642942,0.0326248611511087,0.00102593902990908,0,0,0,0
"4 Copy(s) of Card Total",0.599579662445305,0.337055221974712,0.0594803332896551,0.003812841877542,7.19404127838113e-05,0,0,0
