"","0 In Hand","1 In Hand","2 In Hand","3 In Hand","4 In Hand","5 In Hand","6 In Hand","7 In Hand"
"1 Copy(s) of Card Total",0.883333094082855,0.116666905917142,0,0,0,0,0,0
"2 Copy(s) of Card Total",0.778530884208888,0.209604698873729,0.0118644169173809,0,0,0,0,0
"3 Copy(s) of Card Total",0.68457032864258,0.281882027970506,0.0325248493812122,0.0010227940056985,0,0,0,0
"4 Copy(s) of Card Total",0.600500337016259,0.336280240929107,0.0593435719286659,0.00380407512363243,7.17750023326875e-05,0,0,0
