"","0 In Hand","1 In Hand","2 In Hand","3 In Hand","4 In Hand","5 In Hand","6 In Hand","7 In Hand"
"1 Copy(s) of Card Total",0.473214285714284,0.526785714285712,0,0,0,0,0,0
"2 Copy(s) of Card Total",0.297881539126676,0.664504971897968,0.0376134889753568,0,0,0,0,0
"3 Copy(s) of Card Total",0.210438375853395,0.705587495508444,0.0814139417894358,0.00256018684872439,0,0,0,0
"4 Copy(s) of Card Total",0.158172208253097,0.708611492973875,0.125049086995389,0.00801596711508907,0.00015124466254885,0,0,0
