"","0 In Hand","1 In Hand","2 In Hand","3 In Hand","4 In Hand","5 In Hand","6 In Hand","7 In Hand"
"1 Copy(s) of Card Total",0.880138063792086,0.119861936207912,0,0,0,0,0,0
"2 Copy(s) of Card Total",0.773638373908759,0.21423511040778,0.0121265156834593,0,0,0,0,0
"3 Copy(s) of Card Total",0.678980938246412,0.286876956612481,0.03310118730144,0.00104091783966793,0,0,0,0
"4 Copy(s) of Card Total",0.594856990611156,0.341030547536581,0.0601818613299848,0.00385781162371698,7.27888985606977e-05,0,0,0
