"","0 In Hand","1 In Hand","2 In Hand","3 In Hand","4 In Hand","5 In Hand","6 In Hand","7 In Hand"
"1 Copy(s) of Card Total",0,1,0,0,0,0,0,0
"2 Copy(s) of Card Total",0,0.946428571428566,0.0535714285714284,0,0,0,0,0
"3 Copy(s) of Card Total",0,0.893644617380028,0.103112840466927,0.00324254215304798,0,0,0,0
"4 Copy(s) of Card Total",0,0.841753503413582,0.148544735896514,0.00952209845490476,0.000179662234998203,0,0,0
