"","0 In Hand","1 In Hand","2 In Hand","3 In Hand","4 In Hand","5 In Hand","6 In Hand","7 In Hand"
"1 Copy(s) of Card Total",0.883323719041685,0.116676280958314,0,0,0,0,0,0
"2 Copy(s) of Card Total",0.778519920501201,0.209615075239934,0.0118650042588642,0,0,0,0,0
"3 Copy(s) of Card Total",0.684561082900296,0.281890290378334,0.0325258027359616,0.0010228239854076,0,0,0,0
"4 Copy(s) of Card Total",0.60049371766066,0.336285812794875,0.0593445551990956,0.00380413815378818,7.1776191580909e-05,0,0,0
