"","0 In Hand","1 In Hand","2 In Hand","3 In Hand","4 In Hand","5 In Hand","6 In Hand","7 In Hand"
"1 Copy(s) of Card Total",0.883298196506394,0.116701803493604,0,0,0,0,0,0
"2 Copy(s) of Card Total",0.778486610965132,0.209646600336571,0.0118667886982965,0,0,0,0,0
"3 Copy(s) of Card Total",0.684529267525118,0.281918722017112,0.0325290833096667,0.00102292714810273,0,0,0,0
"4 Copy(s) of Card Total",0.600467452204632,0.336307921834504,0.0593484567943242,0.00380438825604642,7.17809104914419e-05,0,0,0
