"","0 In Hand","1 In Hand","2 In Hand","3 In Hand","4 In Hand","5 In Hand","6 In Hand","7 In Hand"
"1 Copy(s) of Card Total",0.784523655808461,0.21547634419154,0,0,0,0,0,0
"2 Copy(s) of Card Total",0.631425421556413,0.348829511741251,0.019745066702335,0,0,0,0,0
"3 Copy(s) of Card Total",0.51739186655255,0.431280160759135,0.0497630954722077,0.00156487721610716,0,0,0,0
"4 Copy(s) of Card Total",0.42946980129779,0.480245793560831,0.0847492576872056,0.00543264472353882,0.000102502730632808,0,0,0
