"","0 In Hand","1 In Hand","2 In Hand","3 In Hand","4 In Hand","5 In Hand","6 In Hand","7 In Hand"
"1 Copy(s) of Card Total",0.883228687309883,0.116771312690118,0,0,0,0,0,0
"2 Copy(s) of Card Total",0.778390399776467,0.209737657354415,0.0118719428691178,0,0,0,0,0
"3 Copy(s) of Card Total",0.684431075479789,0.282006470809891,0.032539208170372,0.0010232455399488,0,0,0,0
"4 Copy(s) of Card Total",0.600380055833521,0.336381488036073,0.0593614390651894,0.00380522045289676,7.17966123188067e-05,0,0,0
