"","0 In Hand","1 In Hand","2 In Hand","3 In Hand","4 In Hand","5 In Hand","6 In Hand","7 In Hand"
"1 Copy(s) of Card Total",0.883187940918302,0.116812059081698,0,0,0,0,0,0
"2 Copy(s) of Card Total",0.778332423367911,0.20979252788394,0.0118750487481476,0,0,0,0,0
"3 Copy(s) of Card Total",0.68437007061759,0.282060987476627,0.0325454985549954,0.00102344335078602,0,0,0,0
"4 Copy(s) of Card Total",0.600323882431224,0.336428772194255,0.059369783328398,0.00380575534156398,7.18067045578109e-05,0,0,0
