"","0 In Hand","1 In Hand","2 In Hand","3 In Hand","4 In Hand","5 In Hand","6 In Hand","7 In Hand"
"1 Copy(s) of Card Total",0.883333297083322,0.116666702916675,0,0,0,0,0,0
"2 Copy(s) of Card Total",0.778531052802257,0.209604539312147,0.0118644078855932,0,0,0,0,0
"3 Copy(s) of Card Total",0.684570420117181,0.281881946224722,0.0325248399490063,0.00102279370908825,0,0,0,0
"4 Copy(s) of Card Total",0.600500373220914,0.336280210453712,0.0593435665506551,0.00380407477888814,7.17749958280783e-05,0,0,0
