"","0 In Hand","1 In Hand","2 In Hand","3 In Hand","4 In Hand","5 In Hand","6 In Hand","7 In Hand"
"1 Copy(s) of Card Total",0.883329877397837,0.116670122602159,0,0,0,0,0,0
"2 Copy(s) of Card Total",0.778527383257945,0.209608012273728,0.0118646044683242,0,0,0,0,0
"3 Copy(s) of Card Total",0.684567623583966,0.281884445331575,0.0325251283074894,0.00102280277696508,0,0,0,0
"4 Copy(s) of Card Total",0.60049859918511,0.336281703754566,0.0593438300743351,0.00380409167143174,7.17753145553159e-05,0,0,0
