"","0 In Hand","1 In Hand","2 In Hand","3 In Hand","4 In Hand","5 In Hand","6 In Hand","7 In Hand"
"1 Copy(s) of Card Total",0.883318109973081,0.116681890026918,0,0,0,0,0,0
"2 Copy(s) of Card Total",0.778512822587606,0.209621792908157,0.0118653845042353,0,0,0,0,0
"3 Copy(s) of Card Total",0.684554541945367,0.281896135667497,0.0325264771924035,0.00102284519472967,0,0,0,0
"4 Copy(s) of Card Total",0.60048854015588,0.336290170977661,0.0593453242901754,0.00380418745449843,7.17771217829892e-05,0,0,0
