"","0 In Hand","1 In Hand","2 In Hand","3 In Hand","4 In Hand","5 In Hand","6 In Hand","7 In Hand"
"1 Copy(s) of Card Total",0.870482202762584,0.129517797237415,0,0,0,0,0,0
"2 Copy(s) of Card Total",0.758370094393792,0.228685446377301,0.0129444592289039,0,0,0,0,0
"3 Copy(s) of Card Total",0.660881436742652,0.303051478708577,0.034967478312528,0.00109960623624302,0,0,0,0
"4 Copy(s) of Card Total",0.575807193665939,0.357065780854535,0.0630116083860944,0.00403920566577528,7.62114276561373e-05,0,0,0
