"","0 In Hand","1 In Hand","2 In Hand","3 In Hand","4 In Hand","5 In Hand","6 In Hand","7 In Hand"
"1 Copy(s) of Card Total",0.821499672216042,0.178500327783957,0,0,0,0,0,0
"2 Copy(s) of Card Total",0.683717574359406,0.299338724266988,0.0169437013736032,0,0,0,0,0
"3 Copy(s) of Card Total",0.574531950892301,0.380217231952276,0.0438712190714164,0.00137959808400681,0,0,0,0
"4 Copy(s) of Card Total",0.486226224677456,0.432470875339772,0.0763183897658421,0.00489220447216937,9.23057447579127e-05,0,0,0
