"","0 In Hand","1 In Hand","2 In Hand","3 In Hand","4 In Hand","5 In Hand","6 In Hand","7 In Hand"
"1 Copy(s) of Card Total",0.882307625182026,0.117692374817974,0,0,0,0,0,0
"2 Copy(s) of Card Total",0.777012816020194,0.211041441980886,0.0119457419989181,0,0,0,0,0
"3 Copy(s) of Card Total",0.682898901926828,0.283375689458385,0.0326971949375059,0.00102821367728006,0,0,0,0
"4 Copy(s) of Card Total",0.598879323213798,0.337644734976411,0.0595843649958374,0.00381951057665625,7.20662372954009e-05,0,0,0
