"","0 In Hand","1 In Hand","2 In Hand","3 In Hand","4 In Hand","5 In Hand","6 In Hand","7 In Hand"
"1 Copy(s) of Card Total",0.88075592911265,0.119244070887349,0,0,0,0,0,0
"2 Copy(s) of Card Total",0.774606590450571,0.21331876260928,0.0120746469401479,0,0,0,0,0
"3 Copy(s) of Card Total",0.6801146274953,0.285863841317428,0.0329842893827801,0.00103724180448994,0,0,0,0
"4 Copy(s) of Card Total",0.596031859588876,0.340041597458531,0.0600073407279761,0.00384662440563949,7.25778189743301e-05,0,0,0
