"","0 In Hand","1 In Hand","2 In Hand","3 In Hand","4 In Hand","5 In Hand","6 In Hand","7 In Hand"
"1 Copy(s) of Card Total",0.630134025075659,0.369865974924341,0,0,0,0,0,0
"2 Copy(s) of Card Total",0.445634207689542,0.524667624865252,0.029698167445203,0,0,0,0,0
"3 Copy(s) of Card Total",0.335325081496565,0.593983163228101,0.0685365188340116,0.00215523644132112,0,0,0,0
"4 Copy(s) of Card Total",0.262148124045581,0.621089401584917,0.109604012044397,0.00702589820797416,0.000132564117131588,0,0,0
