"","0 In Hand","1 In Hand","2 In Hand","3 In Hand","4 In Hand","5 In Hand","6 In Hand","7 In Hand"
"1 Copy(s) of Card Total",0.877415763094557,0.122584236905441,0,0,0,0,0,0
"2 Copy(s) of Card Total",0.769345094677469,0.218298392537397,0.0123565127851357,0,0,0,0,0
"3 Copy(s) of Card Total",0.673914794774365,0.291404288457149,0.0336235717450556,0.00105734502342942,0,0,0,0
"4 Copy(s) of Card Total",0.589558868662068,0.345490260248738,0.0609688694556596,0.00390826086254228,7.37407709913638e-05,0,0,0
