"","0 In Hand","1 In Hand","2 In Hand","3 In Hand","4 In Hand","5 In Hand","6 In Hand","7 In Hand"
"1 Copy(s) of Card Total",0.874571581985877,0.12542841801412,0,0,0,0,0,0
"2 Copy(s) of Card Total",0.764842018824222,0.222560232184218,0.0125977489915595,0,0,0,0,0
"3 Copy(s) of Card Total",0.668571198173831,0.296179564796665,0.0341745651688459,0.00107467186065553,0,0,0,0
"4 Copy(s) of Card Total",0.583930126061312,0.350228274052738,0.0618049895387185,0.00396185830376401,7.47520434672454e-05,0,0,0
