"","0 In Hand","1 In Hand","2 In Hand","3 In Hand","4 In Hand","5 In Hand","6 In Hand","7 In Hand"
"1 Copy(s) of Card Total",0.88333138939481,0.116668610605189,0,0,0,0,0,0
"2 Copy(s) of Card Total",0.778529105361159,0.209606382426043,0.0118645122127949,0,0,0,0,0
"3 Copy(s) of Card Total",0.684569025123752,0.281883192853093,0.0325249837907414,0.00102279823241325,0,0,0,0
"4 Copy(s) of Card Total",0.600499554994114,0.336280899198989,0.0593436880939393,0.00380408257012431,7.17751428325341e-05,0,0,0
