"","0 In Hand","1 In Hand","2 In Hand","3 In Hand","4 In Hand","5 In Hand","6 In Hand","7 In Hand"
"1 Copy(s) of Card Total",0.8333869364929,0.166613063507097,0,0,0,0,0,0
"2 Copy(s) of Card Total",0.701271028209726,0.282725634015794,0.0160033377744789,0,0,0,0,0
"3 Copy(s) of Card Total",0.594343943512398,0.36251235138775,0.0418283482370481,0.00131535686280025,0,0,0,0
"4 Copy(s) of Card Total",0.506396499345019,0.415492475973536,0.0733222016423888,0.00470014113092236,8.86819081306104e-05,0,0,0
