"","0 In Hand","1 In Hand","2 In Hand","3 In Hand","4 In Hand","5 In Hand","6 In Hand","7 In Hand"
"1 Copy(s) of Card Total",0.883327458121166,0.116672541878831,0,0,0,0,0,0
"2 Copy(s) of Card Total",0.778524513026406,0.209610728742863,0.0118647582307281,0,0,0,0,0
"3 Copy(s) of Card Total",0.684565170859378,0.281886637195704,0.0325253812148889,0.00102281073002795,0,0,0,0
"4 Copy(s) of Card Total",0.600496824099112,0.336283197939423,0.0593440937540159,0.00380410857397538,7.17756334712336e-05,0,0,0
