"","0 In Hand","1 In Hand","2 In Hand","3 In Hand","4 In Hand","5 In Hand","6 In Hand","7 In Hand"
"1 Copy(s) of Card Total",0.88313428390136,0.116865716098638,0,0,0,0,0,0
"2 Copy(s) of Card Total",0.778255074285589,0.209865733265423,0.0118791924489862,0,0,0,0,0
"3 Copy(s) of Card Total",0.68428749707511,0.282134778878403,0.0325540129475079,0.00102371109897824,0,0,0,0
"4 Copy(s) of Card Total",0.60024661821228,0.336493809621239,0.059381260521395,0.00380649105906379,7.18205860200715e-05,0,0,0
