"","0 In Hand","1 In Hand","2 In Hand","3 In Hand","4 In Hand","5 In Hand","6 In Hand","7 In Hand"
"1 Copy(s) of Card Total",0.860639267187937,0.13936073281206,0,0,0,0,0,0
"2 Copy(s) of Card Total",0.742899314372778,0.243327434611477,0.013773251015744,0,0,0,0,0
"3 Copy(s) of Card Total",0.642572399570102,0.319413251227234,0.0368553751416038,0.00115897406105673,0,0,0,0
"4 Copy(s) of Card Total",0.556494472654678,0.373322331426212,0.0658804114281551,0.00422310329667661,7.96811942769171e-05,0,0,0
