"","0 Prized","1 Prized","2 Prized","3 Prized","4 Prized","5 Prized","6 Prized"
"1 Copy(s) of Card Total",0.901454844970273,0.0985451550297265,0,0,0,0,0
"2 Copy(s) of Card Total",0.810659762213484,0.1810851206487,0.00825511713781341,0,0,0,0
"3 Copy(s) of Card Total",0.727292038383177,0.248955841378237,0.0231878912308656,0.000564229007720184,0,0,0
"4 Copy(s) of Card Total",0.650977109157801,0.303523470861087,0.043316674945119,0.00215324923507083,2.94958009220152e-05,0,0
