"","0 Prized","1 Prized","2 Prized","3 Prized","4 Prized","5 Prized","6 Prized"
"1 Copy(s) of Card Total",0.919852676967301,0.0801473230326985,0,0,0,0,0
"2 Copy(s) of Card Total",0.835052300944468,0.159142334731446,0.00580536432408491,0,0,0,0
"3 Copy(s) of Card Total",0.75250003873627,0.228914299880693,0.0182292877175042,0.000356373665535568,0,0,0
"4 Copy(s) of Card Total",0.674725782353684,0.287227652528718,0.0364757559816299,0.00155364144625031,1.71676897184844e-05,0,0
