"","0 Prized","1 Prized","2 Prized","3 Prized","4 Prized","5 Prized","6 Prized"
"1 Copy(s) of Card Total",0.928664072632945,0.0713359273670557,0,0,0,0,0
"2 Copy(s) of Card Total",0.844556234279553,0.150592885375494,0.00485088034495148,0,0,0,0
"3 Copy(s) of Card Total",0.761000213363006,0.222156262744388,0.0165572393527809,0.000286284539824609,0,0,0
"4 Copy(s) of Card Total",0.681928756255908,0.282285129921443,0.0344009048792203,0.00137178037052532,1.34285729042388e-05,0,0
