"","0 Prized","1 Prized","2 Prized","3 Prized","4 Prized","5 Prized","6 Prized"
"1 Copy(s) of Card Total",1,0,0,0,0,0,0
"2 Copy(s) of Card Total",0.892857142857138,0.107142857142857,0,0,0,0,0
"3 Copy(s) of Card Total",0.795719844357979,0.19455252918288,0.00972762645914399,0,0,0,0
"4 Copy(s) of Card Total",0.707797340998922,0.264534674811355,0.0269493352497305,0.000718648939992813,0,0,0
