"","0 Prized","1 Prized","2 Prized","3 Prized","4 Prized","5 Prized","6 Prized"
"1 Copy(s) of Card Total",0.911186001229232,0.0888139987707692,0,0,0,0,0
"2 Copy(s) of Card Total",0.824418901281647,0.168707817641904,0.00687328107644862,0,0,0,0
"3 Copy(s) of Card Total",0.742148979314625,0.237143877159201,0.0202654190605792,0.000441724465595962,0,0,0
"4 Copy(s) of Card Total",0.665417575780743,0.293614739590873,0.0391570294294424,0.00178865555061942,2.19996483205561e-05,0,0
