"","0 Prized","1 Prized","2 Prized","3 Prized","4 Prized","5 Prized","6 Prized"
"1 Copy(s) of Card Total",0.90036172862731,0.099638271372689,0,0,0,0,0
"2 Copy(s) of Card Total",0.809004880787724,0.182573801644328,0.00842131756794731,0,0,0,0
"3 Copy(s) of Card Total",0.725418012108141,0.250445780081528,0.0235565263126399,0.000579681497691805,0,0,0
"4 Copy(s) of Card Total",0.649097289157529,0.304813362088665,0.0438581660920869,0.00220071103238669,3.04716293320834e-05,0,0
