"","0 Prized","1 Prized","2 Prized","3 Prized","4 Prized","5 Prized","6 Prized"
"1 Copy(s) of Card Total",0.900000058684219,0.0999999413157805,0,0,0,0,0
"2 Copy(s) of Card Total",0.808474625497306,0.183050803175307,0.00847457132738679,0,0,0,0
"3 Copy(s) of Card Total",0.72483930318414,0.25090588079372,0.0236703627163044,0.000584453305837585,0,0,0
"4 Copy(s) of Card Total",0.648540416444846,0.305195475922364,0.0440185759418932,0.00221477098483763,3.07607060595097e-05,0,0
