"","0 Prized","1 Prized","2 Prized","3 Prized","4 Prized","5 Prized","6 Prized"
"1 Copy(s) of Card Total",0.9,0.1,0,0,0,0,0
"2 Copy(s) of Card Total",0.808474576271187,0.183050847457627,0.00847457627118645,0,0,0,0
"3 Copy(s) of Card Total",0.724839275277616,0.250905902980713,0.0236703682057277,0.000584453535943892,0,0,0
"4 Copy(s) of Card Total",0.648540404195761,0.305195484327417,0.0440185794703006,0.00221477129410317,3.07607124180996e-05,0,0
