"","0 Prized","1 Prized","2 Prized","3 Prized","4 Prized","5 Prized","6 Prized"
"1 Copy(s) of Card Total",0.900991896378955,0.0990081036210427,0,0,0,0,0
"2 Copy(s) of Card Total",0.809958290412531,0.181716143344825,0.00832556624264393,0,0,0,0
"3 Copy(s) of Card Total",0.726495838832165,0.249588857330251,0.0233445096788056,0.000570794158775575,0,0,0
"4 Copy(s) of Card Total",0.650175544142616,0.304073487182475,0.0435475695836373,0.00217348719204582,2.99118992262262e-05,0,0
