"","0 Prized","1 Prized","2 Prized","3 Prized","4 Prized","5 Prized","6 Prized"
"1 Copy(s) of Card Total",0.901202322537833,0.0987976774621632,0,0,0,0,0
"2 Copy(s) of Card Total",0.810277318842588,0.181429155072735,0.00829352608467536,0,0,0,0
"3 Copy(s) of Card Total",0.726857976873073,0.249300940618375,0.0232732743988626,0.000567808109689723,0,0,0
"4 Copy(s) of Card Total",0.650539984838284,0.303823415975524,0.0434425906972162,0.00216428577359668,2.97227153764059e-05,0,0
