"","0 Prized","1 Prized","2 Prized","3 Prized","4 Prized","5 Prized","6 Prized"
"1 Copy(s) of Card Total",0.905654309076273,0.0943456909237246,0,0,0,0,0
"2 Copy(s) of Card Total",0.816848552768684,0.175517872903923,0.00763357432739179,0,0,0,0
"3 Copy(s) of Card Total",0.734181344730241,0.243478520007639,0.0218327127883599,0.000507422473757704,0,0,0
"4 Copy(s) of Card Total",0.657826505599789,0.298823565347021,0.0413436735221767,0.00198031530223752,2.59402287720491e-05,0,0
