"","0 Prized","1 Prized","2 Prized","3 Prized","4 Prized","5 Prized","6 Prized"
"1 Copy(s) of Card Total",0.900030438938806,0.0999695610611948,0,0,0,0,0
"2 Copy(s) of Card Total",0.808515530969693,0.183014005856531,0.00847046317377538,0,0,0,0
"3 Copy(s) of Card Total",0.724879976404283,0.250873543677807,0.0236623619875881,0.000584117930322972,0,0,0
"4 Copy(s) of Card Total",0.648575764682308,0.30517122073761,0.0440083937129334,0.00221387851062116,3.07423565290465e-05,0,0
