"","0 Prized","1 Prized","2 Prized","3 Prized","4 Prized","5 Prized","6 Prized"
"1 Copy(s) of Card Total",0.903111095196703,0.0968889048032939,0,0,0,0,0
"2 Copy(s) of Card Total",0.813143912062188,0.178850455002879,0.00800563293493071,0,0,0,0
"3 Copy(s) of Card Total",0.730093830166643,0.246728285621761,0.022636757686491,0.000541126525106538,0,0,0
"4 Copy(s) of Card Total",0.653789309922356,0.301593800416115,0.0425066070570851,0.00208224663765214,2.80359667887079e-05,0,0
