"","0 Prized","1 Prized","2 Prized","3 Prized","4 Prized","5 Prized","6 Prized"
"1 Copy(s) of Card Total",0.900000220068511,0.099999779931488,0,0,0,0,0
"2 Copy(s) of Card Total",0.808474789585827,0.183050655566262,0.00847455484790812,0,0,0,0
"3 Copy(s) of Card Total",0.724839420392057,0.250905787607933,0.0236703396606243,0.000584452339386794,0,0,0
"4 Copy(s) of Card Total",0.648540485039858,0.305195428853972,0.0440185561827716,0.00221476925294703,3.07606704513334e-05,0,0
