"","0 Prized","1 Prized","2 Prized","3 Prized","4 Prized","5 Prized","6 Prized"
"1 Copy(s) of Card Total",0.914623468310191,0.0853765316898079,0,0,0,0,0
"2 Copy(s) of Card Total",0.828804805363166,0.164762391732131,0.00643280290470363,0,0,0,0
"3 Copy(s) of Card Total",0.746532695485863,0.233658617387354,0.0194031090755027,0.000405578051281061,0,0,0
"4 Copy(s) of Card Total",0.669434349994058,0.290858517282267,0.0379999783950007,0.00168723981743841,1.99145112363592e-05,0,0
