"","0 Prized","1 Prized","2 Prized","3 Prized","4 Prized","5 Prized","6 Prized"
"1 Copy(s) of Card Total",0.900005834859262,0.0999941651407364,0,0,0,0,0
"2 Copy(s) of Card Total",0.808481805722379,0.183044344063224,0.00847385021439502,0,0,0,0
"3 Copy(s) of Card Total",0.724845832084072,0.250900690012336,0.0236690784325178,0.000584399471074385,0,0,0
"4 Copy(s) of Card Total",0.648545548255779,0.305191954586329,0.0440170976991952,0.00221464141659684,3.07580420986496e-05,0,0
