"","0 Prized","1 Prized","2 Prized","3 Prized","4 Prized","5 Prized","6 Prized"
"1 Copy(s) of Card Total",0.902569139563627,0.0974308604363702,0,0,0,0,0
"2 Copy(s) of Card Total",0.812336592040562,0.179576695538835,0.00808671242060354,0,0,0,0
"3 Copy(s) of Card Total",0.729187760026384,0.247448653840629,0.0228149885067816,0.000548597626201743,0,0,0
"4 Copy(s) of Card Total",0.652882874312203,0.302215776638166,0.042767710172343,0.00210513237309639,2.85065041913094e-05,0,0
