"","0 Prized","1 Prized","2 Prized","3 Prized","4 Prized","5 Prized","6 Prized"
"1 Copy(s) of Card Total",0.900053592310771,0.0999464076892291,0,0,0,0,0
"2 Copy(s) of Card Total",0.80854839548511,0.18298444193807,0.00846716257681806,0,0,0,0
"3 Copy(s) of Card Total",0.724914544738879,0.250846060231971,0.0236555621358353,0.000583832893314251,0,0,0
"4 Copy(s) of Card Total",0.648607664131007,0.305149332036011,0.0439992049240799,0.00221307311161033,3.07257972902344e-05,0,0
