"","0 Prized","1 Prized","2 Prized","3 Prized","4 Prized","5 Prized","6 Prized"
"1 Copy(s) of Card Total",0.900291781609888,0.0997082183901113,0,0,0,0,0
"2 Copy(s) of Card Total",0.808899938801982,0.182668204262778,0.00843185693523844,0,0,0,0
"3 Copy(s) of Card Total",0.725300629679695,0.250539104612542,0.0235796163203335,0.000580649387428755,0,0,0
"4 Copy(s) of Card Total",0.648981353947911,0.304892914285061,0.0438915617840258,0.00220363817084667,3.05318121534471e-05,0,0
