"","0 Prized","1 Prized","2 Prized","3 Prized","4 Prized","5 Prized","6 Prized"
"1 Copy(s) of Card Total",0.900000665118356,0.0999993348816415,0,0,0,0,0
"2 Copy(s) of Card Total",0.808475287334737,0.183050207806483,0.00847450485877801,0,0,0,0
"3 Copy(s) of Card Total",0.724839819463417,0.2509054703275,0.023670261160282,0.000584449048799947,0,0,0
"4 Copy(s) of Card Total",0.648540754522574,0.305195243940845,0.0440184785569852,0.00221476244903277,3.07605305608697e-05,0,0
