"","0 Prized","1 Prized","2 Prized","3 Prized","4 Prized","5 Prized","6 Prized"
"1 Copy(s) of Card Total",0.900016459518682,0.0999835404813172,0,0,0,0,0
"2 Copy(s) of Card Total",0.808496107336599,0.183031478766071,0.0084724138973285,0,0,0,0
"3 Copy(s) of Card Total",0.724860020184376,0.250889409807756,0.0236662875263358,0.000584282481531281,0,0,0
"4 Copy(s) of Card Total",0.648557820279607,0.305183533792914,0.0440135626840039,0.00221433157187369,3.07516716006774e-05,0,0
