"","0 Prized","1 Prized","2 Prized","3 Prized","4 Prized","5 Prized","6 Prized"
"1 Copy(s) of Card Total",0.900008389231659,0.0999916107683404,0,0,0,0,0
"2 Copy(s) of Card Total",0.808485180956731,0.183041307805063,0.00847351123820484,0,0,0,0
"3 Copy(s) of Card Total",0.724849111474665,0.250898082743145,0.0236684333516905,0.000584372430498197,0,0,0
"4 Copy(s) of Card Total",0.648548318690337,0.305190053574939,0.0440162996622631,0.00221457146851489,3.07566039456622e-05,0,0
