"","0 Prized","1 Prized","2 Prized","3 Prized","4 Prized","5 Prized","6 Prized"
"1 Copy(s) of Card Total",0.900000000000001,0.1,0,0,0,0,0
"2 Copy(s) of Card Total",0.808474576271187,0.183050847457627,0.00847457627118645,0,0,0,0
"3 Copy(s) of Card Total",0.724839275277616,0.250905902980713,0.0236703682057277,0.000584453535943892,0,0,0
