"","0 Prized","1 Prized","2 Prized","3 Prized","4 Prized","5 Prized","6 Prized"
"1 Copy(s) of Card Total",0.904607489220646,0.0953925107793536,0,0,0,0,0
"2 Copy(s) of Card Total",0.815340851399453,0.176874155197332,0.00778499340321098,0,0,0,0
"3 Copy(s) of Card Total",0.732532396936544,0.244789510771354,0.0221570732377665,0.000521019054331429,0,0,0
"4 Copy(s) of Card Total",0.656208858228998,0.29993355947018,0.041809644588594,0.00202115775078574,2.67799614388268e-05,0,0
