"","0 Prized","1 Prized","2 Prized","3 Prized","4 Prized","5 Prized","6 Prized"
"1 Copy(s) of Card Total",0.901758525422395,0.098241474577599,0,0,0,0,0
"2 Copy(s) of Card Total",0.811118714326674,0.180672261287193,0.00820902438613,0,0,0,0
"3 Copy(s) of Card Total",0.727812380557915,0.248542144966703,0.0230855360063463,0.000559938469031315,0,0,0
"4 Copy(s) of Card Total",0.651501049812467,0.303163954282835,0.043165751332221,0.00214002075300672,2.92238194685035e-05,0,0
