"","0 Prized","1 Prized","2 Prized","3 Prized","4 Prized","5 Prized","6 Prized"
"1 Copy(s) of Card Total",0.900000000273584,0.099999999726415,0,0,0,0,0
"2 Copy(s) of Card Total",0.80847457633334,0.183050847401715,0.00847457626494428,0,0,0,0
"3 Copy(s) of Card Total",0.724839275277616,0.250905902980713,0.0236703682057277,0.000584453535943892,0,0,0
"4 Copy(s) of Card Total",0.648540404195761,0.305195484327417,0.0440185794703005,0.00221477129410317,3.07607124180996e-05,0,0
