"","0 Prized","1 Prized","2 Prized","3 Prized","4 Prized","5 Prized","6 Prized"
"1 Copy(s) of Card Total",0.900000117368956,0.0999998826310391,0,0,0,0,0
"2 Copy(s) of Card Total",0.808474682928031,0.183050751512371,0.00847456555959486,0,0,0,0
"3 Copy(s) of Card Total",0.724839342253349,0.250905849731864,0.023670355031096,0.000584452983688089,0,0,0
"4 Copy(s) of Card Total",0.648540437880759,0.305195461213508,0.0440185697671749,0.00221477044362246,3.07606949319678e-05,0,0
