"","0 Prized","1 Prized","2 Prized","3 Prized","4 Prized","5 Prized","6 Prized"
"1 Copy(s) of Card Total",0.900000391237977,0.0999996087620192,0,0,0,0,0
"2 Copy(s) of Card Total",0.808474976239249,0.183050487658521,0.00847453610222727,0,0,0,0
"3 Copy(s) of Card Total",0.724839565507784,0.250905672234126,0.0236703111152671,0.000584451142819061,0,0,0
"4 Copy(s) of Card Total",0.648540579358388,0.305195364134665,0.044018529013867,0.00221476687158762,3.07606214898887e-05,0,0
