"","0 Prized","1 Prized","2 Prized","3 Prized","4 Prized","5 Prized","6 Prized"
"1 Copy(s) of Card Total",0.908772810102599,0.0912271898974006,0,0,0,0,0
"2 Copy(s) of Card Total",0.821196938367691,0.171606197479853,0.00719686415245568,0,0,0,0
"3 Copy(s) of Card Total",0.738821260678462,0.239789569407877,0.0209200063776858,0.00046916353597541,0,0,0
"4 Copy(s) of Card Total",0.662292992726707,0.295758759906999,0.0400570805308683,0.00186754519302445,2.36216424015354e-05,0,0
