"","0 Prized","1 Prized","2 Prized","3 Prized","4 Prized","5 Prized","6 Prized"
"1 Copy(s) of Card Total",0.900011846719637,0.0999881532803641,0,0,0,0,0
"2 Copy(s) of Card Total",0.808489823453628,0.183037131556061,0.00847304499030987,0,0,0,0
"3 Copy(s) of Card Total",0.724853703727837,0.250894431686688,0.0236675300209073,0.000584334564569102,0,0,0
"4 Copy(s) of Card Total",0.64855227712944,0.305187337380903,0.0440151594149364,0.00221447152562974,3.07545490907635e-05,0,0
