"","0 Prized","1 Prized","2 Prized","3 Prized","4 Prized","5 Prized","6 Prized"
"1 Copy(s) of Card Total",0.900000004103772,0.0999999958962251,0,0,0,0,0
"2 Copy(s) of Card Total",0.80847457850873,0.183050845444798,0.00847457604646869,0,0,0,0
"3 Copy(s) of Card Total",0.724839275954135,0.250905902442846,0.0236703680726508,0.00058445353036556,0,0,0
"4 Copy(s) of Card Total",0.648540404297835,0.305195484257374,0.044018579440897,0.00221477129152595,3.07607123651112e-05,0,0
