"","0 Prized","1 Prized","2 Prized","3 Prized","4 Prized","5 Prized","6 Prized"
"1 Copy(s) of Card Total",0.900001088410375,0.0999989115896248,0,0,0,0,0
"2 Copy(s) of Card Total",0.808475785104291,0.183049760028134,0.00847445486757476,0,0,0,0
"3 Copy(s) of Card Total",0.724840242731579,0.250905133809478,0.0236701779002469,0.000584445558695719,0,0,0
"4 Copy(s) of Card Total",0.648541061063645,0.305195033599092,0.0440183902563632,0.00221475470946722,3.07603714331423e-05,0,0
