"","0 Prized","1 Prized","2 Prized","3 Prized","4 Prized","5 Prized","6 Prized"
"1 Copy(s) of Card Total",0.900186571528168,0.0998134284718317,0,0,0,0,0
"2 Copy(s) of Card Total",0.80874307138778,0.182809317417305,0.00844761119491443,0,0,0,0
"3 Copy(s) of Card Total",0.725126411834091,0.250677615963439,0.0236138862826156,0.000582085919855194,0,0,0
"4 Copy(s) of Card Total",0.648810659922401,0.305010040779128,0.0439407310149315,0.00220794786286008,3.06204206795284e-05,0,0
