"","0 Prized","1 Prized","2 Prized","3 Prized","4 Prized","5 Prized","6 Prized"
"1 Copy(s) of Card Total",0.900816362084944,0.0991836379150564,0,0,0,0,0
"2 Copy(s) of Card Total",0.809692124608916,0.181955578006038,0.00835229738504413,0,0,0,0
"3 Copy(s) of Card Total",0.726193915938234,0.249828900178675,0.023403900185853,0.000573283697237681,0,0,0
"4 Copy(s) of Card Total",0.649872143114599,0.304281674309124,0.0436349657016844,0.00218114747765561,3.00693969349101e-05,0,0
