"","0 Prized","1 Prized","2 Prized","3 Prized","4 Prized","5 Prized","6 Prized"
"1 Copy(s) of Card Total",0.900001723399273,0.0999982766007262,0,0,0,0,0
"2 Copy(s) of Card Total",0.808476554425113,0.183049067970521,0.00847437760436436,0,0,0,0
"3 Copy(s) of Card Total",0.724840919983456,0.250904595362499,0.0236700446797019,0.000584439974340789,0,0,0
"4 Copy(s) of Card Total",0.64854157197602,0.305194683022231,0.044018243085608,0.00221474180992382,3.07601062147638e-05,0,0
