"","0 Prized","1 Prized","2 Prized","3 Prized","4 Prized","5 Prized","6 Prized"
"1 Copy(s) of Card Total",0.900069989447745,0.0999300105522552,0,0,0,0,0
"2 Copy(s) of Card Total",0.808571978723877,0.182963227173785,0.00846479410233647,0,0,0,0
"3 Copy(s) of Card Total",0.724939711716666,0.250826051305336,0.0236506116017698,0.000583625376228156,0,0,0
"4 Copy(s) of Card Total",0.648631259362351,0.30513314150611,0.0439924082047761,0.0022124773779297,3.07135488318264e-05,0,0
