"","0 Prized","1 Prized","2 Prized","3 Prized","4 Prized","5 Prized","6 Prized"
"1 Copy(s) of Card Total",0.900000001231132,0.0999999987688678,0,0,0,0,0
"2 Copy(s) of Card Total",0.808474576768418,0.183050847010332,0.00847457622124917,0,0,0,0
"3 Copy(s) of Card Total",0.724839275362181,0.25090590291348,0.023670368189093,0.0005844535352466,0,0,0
"4 Copy(s) of Card Total",0.648540404195762,0.305195484327417,0.0440185794703005,0.00221477129410317,3.07607124180996e-05,0,0
