"","0 Prized","1 Prized","2 Prized","3 Prized","4 Prized","5 Prized","6 Prized"
"1 Copy(s) of Card Total",0.900547816119303,0.0994521838806981,0,0,0,0,0
"2 Copy(s) of Card Total",0.809285474552776,0.182321388027846,0.0083931374193768,0,0,0,0
"3 Copy(s) of Card Total",0.725733758461662,0.250194746934981,0.0234944166269857,0.000577077976371769,0,0,0
"4 Copy(s) of Card Total",0.649411323742075,0.304597878448899,0.043767706927194,0.00219278227016491,3.03086116658707e-05,0,0
