"","0 Prized","1 Prized","2 Prized","3 Prized","4 Prized","5 Prized","6 Prized"
"1 Copy(s) of Card Total",0.900040616454146,0.0999593835458532,0,0,0,0,0
"2 Copy(s) of Card Total",0.808529898149535,0.183001081578537,0.00846902027192603,0,0,0,0
"3 Copy(s) of Card Total",0.724894997140009,0.250861601489048,0.0236594072957477,0.000583994075192815,0,0,0
"4 Copy(s) of Card Total",0.648589533119785,0.305161773137989,0.0440044276486287,0.00221353088436499,3.07352092317245e-05,0,0
