"","0 Prized","1 Prized","2 Prized","3 Prized","4 Prized","5 Prized","6 Prized"
"1 Copy(s) of Card Total",0.900003977753991,0.0999960222460068,0,0,0,0,0
"2 Copy(s) of Card Total",0.808479395421516,0.183046512296569,0.00847409228191363,0,0,0,0
"3 Copy(s) of Card Total",0.724843536902362,0.250902514789345,0.0236695299120453,0.000584418396247859,0,0,0
"4 Copy(s) of Card Total",0.648543652919593,0.305193255124422,0.0440176436598534,0.00221468927014763,3.07590259816255e-05,0,0
