"","0 Prized","1 Prized","2 Prized","3 Prized","4 Prized","5 Prized","6 Prized"
"1 Copy(s) of Card Total",0.907000037107617,0.0929999628923822,0,0,0,0,0
"2 Copy(s) of Card Total",0.818751117147752,0.173806383857041,0.00744249899520399,0,0,0,0
"3 Copy(s) of Card Total",0.736232682703457,0.241847610195683,0.0214291991602025,0.000490507940657646,0,0,0
"4 Copy(s) of Card Total",0.659816893520464,0.297457804839109,0.0407703327566134,0.00193006188007087,2.49070037399875e-05,0,0
