"","0 Prized","1 Prized","2 Prized","3 Prized","4 Prized","5 Prized","6 Prized"
"1 Copy(s) of Card Total",0.900000027084957,0.0999999729150402,0,0,0,0,0
"2 Copy(s) of Card Total",0.808474596782043,0.183050829006682,0.00847457421127237,0,0,0,0
"3 Copy(s) of Card Total",0.724839285425435,0.250905894912719,0.0236703662095748,0.000584453452268915,0,0,0
"4 Copy(s) of Card Total",0.648540407870484,0.305195481805901,0.0440185784117784,0.00221477120132352,3.07607105105229e-05,0,0
