"","0 Prized","1 Prized","2 Prized","3 Prized","4 Prized","5 Prized","6 Prized"
"1 Copy(s) of Card Total",0.900022533897958,0.0999774661020407,0,0,0,0,0
"2 Copy(s) of Card Total",0.80850449096355,0.183023937110263,0.00847157192618566,0,0,0,0
"3 Copy(s) of Card Total",0.724868569866709,0.250882612409674,0.0236646057394325,0.000584211984184334,0,0,0
"4 Copy(s) of Card Total",0.648565444656101,0.305178302113096,0.0440113664458678,0.00221413907120244,3.07477137306726e-05,0,0
