"","0 Prized","1 Prized","2 Prized","3 Prized","4 Prized","5 Prized","6 Prized"
"1 Copy(s) of Card Total",0.900147730096432,0.0998522699035668,0,0,0,0,0
"2 Copy(s) of Card Total",0.808685617155236,0.182861001497369,0.0084533813473937,0,0,0,0
"3 Copy(s) of Card Total",0.725063170117181,0.250727896091811,0.0236263264046108,0.000582607386394547,0,0,0
"4 Copy(s) of Card Total",0.648749311049417,0.305052137029338,0.0439584028513797,0.00220949680253232,3.06522673314281e-05,0,0
