"","0 Prized","1 Prized","2 Prized","3 Prized","4 Prized","5 Prized","6 Prized"
"1 Copy(s) of Card Total",0.946428571428568,0.0535714285714284,0,0,0,0,0
"2 Copy(s) of Card Total",0.860570687418937,0.136186770428016,0.00324254215304799,0,0,0,0
"3 Copy(s) of Card Total",0.773931009701761,0.211875673733381,0.0140136543298599,0.000179662234998203,0,0,0
"4 Copy(s) of Card Total",0.692189023418615,0.275244759777562,0.0314453858224334,0.00111272858875226,8.10239263654556e-06,0,0
