"","0 Prized","1 Prized","2 Prized","3 Prized","4 Prized","5 Prized","6 Prized"
"1 Copy(s) of Card Total",0.900234040933373,0.0997659590666278,0,0,0,0,0
"2 Copy(s) of Card Total",0.808813664550542,0.18274581395525,0.00844052149420657,0,0,0,0
"3 Copy(s) of Card Total",0.725204582519177,0.25061546660581,0.023598509520148,0.000581441354865116,0,0,0
"4 Copy(s) of Card Total",0.648886996814265,0.304957660079305,0.0439187418079197,0.00220602050487431,3.0580793636617e-05,0,0
