"","0 Prized","1 Prized","2 Prized","3 Prized","4 Prized","5 Prized","6 Prized"
"1 Copy(s) of Card Total",0.900090542979927,0.0999094570200722,0,0,0,0,0
"2 Copy(s) of Card Total",0.808601780039315,0.182936418816855,0.00846180114382753,0,0,0,0
"3 Copy(s) of Card Total",0.724971798437685,0.250800540858581,0.0236442999020972,0.000583360801637412,0,0,0
"4 Copy(s) of Card Total",0.648661637551871,0.305112296659174,0.0439836576219097,0.00221171038775318,3.06977792898616e-05,0,0
