"","0 Prized","1 Prized","2 Prized","3 Prized","4 Prized","5 Prized","6 Prized"
"1 Copy(s) of Card Total",0.900669913611936,0.0993300863880631,0,0,0,0,0
"2 Copy(s) of Card Total",0.809470215997794,0.182155200243019,0.00837458375918871,0,0,0,0
"3 Copy(s) of Card Total",0.725942561691882,0.250028738582686,0.023453343459084,0.000575356266348813,0,0,0
"4 Copy(s) of Card Total",0.64962010394828,0.304454618053522,0.0437075667896776,0.00218751097619578,3.02002323228243e-05,0,0
