"","0 Prized","1 Prized","2 Prized","3 Prized","4 Prized","5 Prized","6 Prized"
"1 Copy(s) of Card Total",0.902124939809979,0.0978750601900207,0,0,0,0,0
"2 Copy(s) of Card Total",0.811670644639927,0.18017576156494,0.00815359379512896,0,0,0,0
"3 Copy(s) of Card Total",0.728436818471745,0.248045687564796,0.0229627043659938,0.000554789597465407,0,0,0
"4 Copy(s) of Card Total",0.652129136876946,0.302732974723883,0.0429848278475834,0.00212416277673946,2.88977748464511e-05,0,0
