"","0 Prized","1 Prized","2 Prized","3 Prized","4 Prized","5 Prized","6 Prized"
"1 Copy(s) of Card Total",0.900446168566699,0.0995538314332999,0,0,0,0,0
"2 Copy(s) of Card Total",0.809132007439988,0.182459442374644,0.00840855018536698,0,0,0,0
"3 Copy(s) of Card Total",0.7255607933543,0.250332262300271,0.0235284401662206,0.000578504179207096,0,0,0
"4 Copy(s) of Card Total",0.649238977432058,0.304716138704331,0.0438173521065591,0.00219713367914717,3.03980779050118e-05,0,0
