"","0 Prized","1 Prized","2 Prized","3 Prized","4 Prized","5 Prized","6 Prized"
"1 Copy(s) of Card Total",0.903777928998121,0.0962220710018772,0,0,0,0,0
"2 Copy(s) of Card Total",0.814128900526997,0.177964389339414,0.00790671013358694,0,0,0,0
"3 Copy(s) of Card Total",0.731192248096544,0.245854991896932,0.0224206906073863,0.000532069399135262,0,0,0
"4 Copy(s) of Card Total",0.654882995889458,0.300843337108734,0.0421915655804212,0.0020546331950405,2.74682263464126e-05,0,0
