"","0 Prized","1 Prized","2 Prized","3 Prized","4 Prized","5 Prized","6 Prized"
"1 Copy(s) of Card Total",0.900000011285384,0.0999999887146134,0,0,0,0,0
"2 Copy(s) of Card Total",0.808474583729675,0.183050840748196,0.00847457552212717,0,0,0,0
"3 Copy(s) of Card Total",0.724839278321959,0.250905900560315,0.0236703676068819,0.000584453510841403,0,0,0
"4 Copy(s) of Card Total",0.648540405012364,0.305195483767079,0.0440185792350733,0.00221477127348547,3.07607119941936e-05,0,0
