"","0 Prized","1 Prized","2 Prized","3 Prized","4 Prized","5 Prized","6 Prized"
"1 Copy(s) of Card Total",0.900116117903922,0.0998838820960785,0,0,0,0,0
"2 Copy(s) of Card Total",0.808639135481119,0.182902814997615,0.00845804952126482,0,0,0,0
"3 Copy(s) of Card Total",0.725012345306752,0.250768304197694,0.0236363240275891,0.000583026467964507,0,0,0
"4 Copy(s) of Card Total",0.648700368324412,0.305085720453085,0.043972501037533,0.00221073251110757,3.06776738605206e-05,0,0
