"","0 Prized","1 Prized","2 Prized","3 Prized","4 Prized","5 Prized","6 Prized"
"1 Copy(s) of Card Total",0.900002651569803,0.0999973484301984,0,0,0,0,0
"2 Copy(s) of Card Total",0.808477708498812,0.183048029800927,0.00847426170026296,0,0,0,0
"3 Copy(s) of Card Total",0.7248419667007,0.250903763173244,0.0236698387825375,0.000584431343518535,0,0,0
"4 Copy(s) of Card Total",0.64854238946337,0.305194122080355,0.0440180076044654,0.00221472116995893,3.07596818510594e-05,0,0
